event_id,event_date,collected_at,category,title,summary,impact,affected_area,affected_period,source_name,source_type,source_url,status,related_event_id,analyst_note
DEMO-EVT-001,2026-07-14,2026-07-14T09:00:00+10:00,航行警告,虚构演示：前湾附近部分海域临时禁止驶入,虚构演示事实：指定时段实施临时交通管制。,虚构演示判断：部分船舶可能绕航并产生船期延误。,虚构演示海域,虚构演示时段,虚构演示监管来源,政府/监管机构,https://example.invalid/demo/001,新增,,仅用于软件功能测试
DEMO-EVT-002,2026-07-15,2026-07-15T09:00:00+10:00,海上气象,虚构演示：近海大雾橙色预警,虚构演示事实：短时能见度可能小于200米。,虚构演示判断：靠离泊和引航安排可能受到影响。,虚构演示近海,虚构演示预警期,虚构演示气象来源,政府/监管机构,https://example.invalid/demo/002,持续,,仅用于软件功能测试
DEMO-EVT-003,2026-07-16,2026-07-16T09:00:00+10:00,港口作业,虚构演示：部分设备计划检修,虚构演示事实：某作业区设备在夜间进行计划检修。,虚构演示判断：局部作业窗口可能调整但总体影响有限。,虚构演示作业区,虚构演示夜间,虚构演示港口官网,港口/企业官网,https://example.invalid/demo/003,新增,,仅用于软件功能测试
DEMO-EVT-004,2026-07-16,2026-07-16T10:00:00+10:00,航线运价,虚构演示：某航线附加费调整,虚构演示事实：船公司发布费用调整通知。,虚构演示判断：部分出口客户运输成本可能上升。,,,虚构演示船公司官网,港口/企业官网,https://example.invalid/demo/004,新增,,仅用于软件功能测试
DEMO-EVT-005,2026-07-17,2026-07-17T09:00:00+10:00,招标采购,虚构演示：智慧港口数据治理服务采购,虚构演示事实：采购数据治理指标体系和可视化服务。,虚构演示判断：数据服务商可核对资格和截止时间。,,,虚构演示采购平台,港口/企业官网,https://example.invalid/demo/005,新增,,仅用于软件功能测试
DEMO-EVT-006,2026-07-17,2026-07-17T10:00:00+10:00,政策监管,虚构演示：仓储物流数字化升级支持办法,虚构演示事实：对符合条件的升级改造项目提供奖励。,虚构演示判断：仓储企业可评估申报条件与项目机会。,,,虚构演示政务来源,政府/监管机构,https://example.invalid/demo/006,新增,,仅用于软件功能测试
DEMO-EVT-007,2026-07-18,2026-07-18T09:00:00+10:00,企业动态,虚构演示：新增东北亚集装箱航线,虚构演示事实：港航企业宣布开通一条新航线。,虚构演示判断：相关货主可比较时效舱位和综合成本。,,,虚构演示企业官网,港口/企业官网,https://example.invalid/demo/007,新增,,仅用于软件功能测试
DEMO-EVT-008,2026-07-18,2026-07-18T10:00:00+10:00,海上气象,虚构演示：大雾橙色预警解除,虚构演示事实：预警解除后相关作业逐步恢复正常。,虚构演示判断：此前天气风险下降仍需确认实际恢复进度。,虚构演示近海,虚构演示解除时点,虚构演示气象来源,政府/监管机构,https://example.invalid/demo/008,解除,DEMO-EVT-002,仅用于软件功能测试
DEMO-EVT-009,2026-07-19,2026-07-19T09:00:00+10:00,招标采购,虚构演示：安全生产管理第三方服务采购,虚构演示事实：采购安全管理咨询与检查服务。,虚构演示判断：具备相关资质的服务商可以关注。,,,虚构演示采购平台,港口/企业官网,https://example.invalid/demo/009,新增,,仅用于软件功能测试
DEMO-EVT-010,2026-07-19,2026-07-19T10:00:00+10:00,港口作业,虚构演示：闸口高峰时段车辆拥堵,虚构演示事实：部分时段集卡排队时间有所增加。,虚构演示判断：提还箱计划可能延误建议错峰安排。,虚构演示闸口,虚构演示高峰时段,虚构演示行业信息,行业自媒体,https://example.invalid/demo/010,待核实,,待核实原始公告和影响时段
